{
    "$schema": "https://schema.management.azure.com/schemas/2015-01-01/deploymentParameters.json#",
    "contentVersion": "1.0.0.0",
    "parameters": {
        "location": {
            "value": "East US"
        },
        "namePrefix": {
            "value": "AES3000"
        },
        "vmcount": {
            "value": 2
        },
        "virtualMachineSize": {
            "value": "Standard_D2s_v3"
        },
        "existingVirtualNetworkRGName":{
            "value": ""
        },
        "existingVirtualNetworkName":{
            "value": ""
        },
        "existingSubnetName":{
            "value": "data"
        },
        "domainName": {
            "value": "yourdomain"
        },
        "adminUsername": {
            "value": "adminusername"
        },
        "virtualNetworkName": {
            "value": "your network name"
        },
        "networkSecurityGroupName":{
            "value": ""
        },
        "adminPassword": {
            "reference": {
                "keyVault": {
                  "id": "Your Keyvault ID"
                },
                "secretName": "Your Keyvault Secret"
              }
        },
        "availabilitySetName": {
            "value": ""
        },
        "ClusterStaticIP": {
            "value": "Grab a free IP in your Azure Vnet Load balancer will reserve it for you"
        },
        "ClusterStaticIPSubnetClass":{
            "value": "24"
        },
        "diagnosticsStorageAccountName": {
            "value": "Your Storage Account Name"
        },
        "diagnosticsStorageAccountId": {
            "value": "Your Storage AccountID"
        },
        "sqlAuthenticationLogin": {
            "value": "tamzadmin"
        },
        "sqlAuthenticationPassword": {
            "reference": {
                "keyVault": {
                  "id": "Your Keyvault ID"
                },
                "secretName": "Your Keyvault Secret"
              }
        },
        "domainUsername": {
            "value": "your domain username"
          },
        "domainUserPassword": {
            "reference": {
              "keyVault": {
                "id": "Your Keyvault ID"
              },
              "secretName": "Your Keyvault Secret"
            }
          }
    }
}