<Objs Version="1.1.0.1" xmlns="http://schemas.microsoft.com/powershell/2004/04">
  <Obj RefId="0">
    <TN RefId="0">
      <T>Microsoft.PowerShell.Commands.PSRepositoryItemInfo</T>
      <T>System.Management.Automation.PSCustomObject</T>
      <T>System.Object</T>
    </TN>
    <MS>
      <S N="Name">xComputerManagement</S>
      <S N="Version">4.1.0.0</S>
      <S N="Type">Module</S>
      <S N="Description">The xComputerManagement module is originally part of the Windows PowerShell Desired State Configuration (DSC) Resource Kit. This version has been modified for use in Azure. This module contains the xComputer and xDisk resources. These DSC Resources allow you to perform computer management tasks, like joining a domain or initializing disks._x000D__x000A__x000D__x000A_All of the resources in the DSC Resource Kit are provided AS IS, and are not supported through any Microsoft standard support program or service.</S>
      <S N="Author">Microsoft Corporation</S>
      <S N="CompanyName">PowerShellTeam</S>
      <S N="Copyright">(c) 2017 Microsoft Corporation. All rights reserved.</S>
      <DT N="PublishedDate">2018-03-22T00:09:12-04:00</DT>
      <Nil N="InstalledDate" />
      <Nil N="UpdatedDate" />
      <URI N="LicenseUri">https://github.com/PowerShell/xComputerManagement/blob/master/LICENSE</URI>
      <URI N="ProjectUri">https://github.com/PowerShell/xComputerManagement</URI>
      <Nil N="IconUri" />
      <Obj N="Tags" RefId="1">
        <TN RefId="1">
          <T>System.Object[]</T>
          <T>System.Array</T>
          <T>System.Object</T>
        </TN>
        <LST>
          <S>DesiredStateConfiguration</S>
          <S>DSC</S>
          <S>DSCResourceKit</S>
          <S>DSCResource</S>
          <S>PSModule</S>
        </LST>
      </Obj>
      <Obj N="Includes" RefId="2">
        <TN RefId="2">
          <T>System.Collections.Hashtable</T>
          <T>System.Object</T>
        </TN>
        <DCT>
          <En>
            <S N="Key">Command</S>
            <Obj N="Value" RefId="3">
              <TNRef RefId="1" />
              <LST />
            </Obj>
          </En>
          <En>
            <S N="Key">DscResource</S>
            <Obj N="Value" RefId="4">
              <TNRef RefId="1" />
              <LST>
                <S>xComputer</S>
                <S>xOfflineDomainJoin</S>
                <S>xPowerPlan</S>
                <S>xScheduledTask</S>
                <S>xVirtualMemory</S>
              </LST>
            </Obj>
          </En>
          <En>
            <S N="Key">RoleCapability</S>
            <Ref N="Value" RefId="3" />
          </En>
          <En>
            <S N="Key">Cmdlet</S>
            <Ref N="Value" RefId="3" />
          </En>
          <En>
            <S N="Key">Function</S>
            <Ref N="Value" RefId="3" />
          </En>
          <En>
            <S N="Key">Workflow</S>
            <Ref N="Value" RefId="3" />
          </En>
        </DCT>
      </Obj>
      <Nil N="PowerShellGetFormatVersion" />
      <S N="ReleaseNotes">- xScheduledTask:_x000D__x000A_  - Update existing Scheduled Task using SetScheduleTask_x000D__x000A_    instead of UnRegister/Register - See [Issue 134](https://github.com/PowerShell/xComputerManagement/issues/134)._x000D__x000A_- Fix master branch AppVeyor badge link URL in README.MD - See [Issue 140](https://github.com/PowerShell/xComputerManagement/issues/140)._x000D__x000A_- Fix deletion of scheduled task with unknown or empty task trigger._x000D__x000A_  Get-TargetResource returns an empty ScheduleType string if the task_x000D__x000A_  trigger is empty or unknown - See [Issue_x000D__x000A_  137](https://github.com/PowerShell/xComputerManagement/issues/137)._x000D__x000A_- Added dependency information for xScheduledTask to README.MD.</S>
      <Obj N="Dependencies" RefId="5">
        <TNRef RefId="1" />
        <LST />
      </Obj>
      <S N="RepositorySourceLocation">https://www.powershellgallery.com/api/v2</S>
      <S N="Repository">PSGallery</S>
      <S N="PackageManagementProvider">NuGet</S>
      <Obj N="AdditionalMetadata" RefId="6">
        <TN RefId="3">
          <T>System.Management.Automation.PSCustomObject</T>
          <T>System.Object</T>
        </TN>
        <MS>
          <S N="copyright">(c) 2017 Microsoft Corporation. All rights reserved.</S>
          <S N="description">The xComputerManagement module is originally part of the Windows PowerShell Desired State Configuration (DSC) Resource Kit. This version has been modified for use in Azure. This module contains the xComputer and xDisk resources. These DSC Resources allow you to perform computer management tasks, like joining a domain or initializing disks._x000D__x000A__x000D__x000A_All of the resources in the DSC Resource Kit are provided AS IS, and are not supported through any Microsoft standard support program or service.</S>
          <S N="requireLicenseAcceptance">True</S>
          <S N="releaseNotes">- xScheduledTask:_x000D__x000A_  - Update existing Scheduled Task using SetScheduleTask_x000D__x000A_    instead of UnRegister/Register - See [Issue 134](https://github.com/PowerShell/xComputerManagement/issues/134)._x000D__x000A_- Fix master branch AppVeyor badge link URL in README.MD - See [Issue 140](https://github.com/PowerShell/xComputerManagement/issues/140)._x000D__x000A_- Fix deletion of scheduled task with unknown or empty task trigger._x000D__x000A_  Get-TargetResource returns an empty ScheduleType string if the task_x000D__x000A_  trigger is empty or unknown - See [Issue_x000D__x000A_  137](https://github.com/PowerShell/xComputerManagement/issues/137)._x000D__x000A_- Added dependency information for xScheduledTask to README.MD.</S>
          <S N="isLatestVersion">True</S>
          <S N="isAbsoluteLatestVersion">True</S>
          <S N="versionDownloadCount">77310</S>
          <S N="downloadCount">259581</S>
          <S N="packageSize">49769</S>
          <S N="published">3/22/18 12:09:12 AM -04:00</S>
          <S N="created">3/22/18 12:09:12 AM -04:00</S>
          <S N="lastUpdated">10/26/18 6:03:25 PM -04:00</S>
          <S N="tags">DesiredStateConfiguration DSC DSCResourceKit DSCResource PSModule PSDscResource_x005F_xComputer PSDscResource_x005F_xOfflineDomainJoin PSDscResource_x005F_xPowerPlan PSDscResource_x005F_xScheduledTask PSDscResource_x005F_xVirtualMemory PSIncludes_DscResource</S>
          <S N="developmentDependency">False</S>
          <S N="updated">2018-10-26T18:03:25Z</S>
          <S N="NormalizedVersion">4.1.0</S>
          <S N="Authors">Microsoft Corporation</S>
          <S N="IsPrerelease">false</S>
          <S N="ItemType">Module</S>
          <S N="FileList">xComputerManagement.nuspec|xComputerManagement.psd1|DSCResources\MSFT_x005F_xComputer\MSFT_x005F_xComputer.psm1|DSCResources\MSFT_x005F_xComputer\MSFT_x005F_xComputer.schema.mof|DSCResources\MSFT_x005F_xComputer\README.md|DSCResources\MSFT_x005F_xComputer\en-US\MSFT_x005F_xComputer.strings.psd1|DSCResources\MSFT_x005F_xOfflineDomainJoin\MSFT_x005F_xOfflineDomainJoin.psm1|DSCResources\MSFT_x005F_xOfflineDomainJoin\MSFT_x005F_xOfflineDomainJoin.schema.mof|DSCResources\MSFT_x005F_xOfflineDomainJoin\README.md|DSCResources\MSFT_x005F_xOfflineDomainJoin\en-US\MSFT_x005F_xOfflineDomainJoin.strings.psd1|DSCResources\MSFT_x005F_xPowerPlan\MSFT_x005F_xPowerPlan.psm1|DSCResources\MSFT_x005F_xPowerPlan\MSFT_x005F_xPowerPlan.schema.mof|DSCResources\MSFT_x005F_xPowerPlan\README.md|DSCResources\MSFT_x005F_xPowerPlan\en-US\MSFT_x005F_xPowerPlan.schema.mfl|DSCResources\MSFT_x005F_xPowerPlan\en-US\MSFT_x005F_xPowerPlan.strings.psd1|DSCResources\MSFT_x005F_xScheduledTask\MSFT_x005F_xScheduledTask.psm1|DSCResources\MSFT_x005F_xScheduledTask\MSFT_x005F_xScheduledTask.schema.mof|DSCResources\MSFT_x005F_xScheduledTask\README.md|DSCResources\MSFT_x005F_xScheduledTask\en-US\MSFT_x005F_xScheduledTask.strings.psd1|DSCResources\MSFT_x005F_xVirtualMemory\MSFT_x005F_xVirtualMemory.psm1|DSCResources\MSFT_x005F_xVirtualMemory\MSFT_x005F_xVirtualMemory.schema.mof|DSCResources\MSFT_x005F_xVirtualMemory\README.md|DSCResources\MSFT_x005F_xVirtualMemory\en-US\MSFT_x005F_xVirtualMemory.strings.psd1|Examples\Resources\xComputer\1-RenameComputerAndSetWorkgroup.ps1|Examples\Resources\xComputer\2-JoinDomain.ps1|Examples\Resources\xComputer\3-RenameComputerInDomain.ps1|Examples\Resources\xComputer\4-RenameComputerInWorkgroup.ps1|Examples\Resources\xComputer\5-UnjoinDomainAndJoinWorkgroup.ps1|Examples\Resources\xComputer\6-SetComputerDescriptionInWorkgroup.ps1|Examples\Resources\xOfflineDomainJoin\1-JoinDomainUsingODJBlob.ps1|Examples\Resources\xPowerPlan\1-SetPowerPlan.ps1|Examples\Resources\xScheduledTask\1-CreateScheduledTaskOnce.ps1|Examples\Resources\xScheduledTask\10-RunPowerShellTaskOnceAsUserInteractiveOnly.ps1|Examples\Resources\xScheduledTask\11-DisableABuiltInTask.ps1|Examples\Resources\xScheduledTask\12-DeleteABuiltInTask.ps1|Examples\Resources\xScheduledTask\2-CreateScheduledTaskDaily.ps1|Examples\Resources\xScheduledTask\3-CreateScheduledTasksDailyIndefinitely.ps1|Examples\Resources\xScheduledTask\4-CreateScheduledTasksWeekly.ps1|Examples\Resources\xScheduledTask\5-CreateScheduledTasksAtLogon.ps1|Examples\Resources\xScheduledTask\6-CreateScheduledTasksAtStartup.ps1|Examples\Resources\xScheduledTask\7-RunPowerShellTaskEvery15Minutes.ps1|Examples\Resources\xScheduledTask\8-RunPowerShellTaskEvery15MinutesIndefinitely.ps1|Examples\Resources\xScheduledTask\9-RunPowerShellTaskOnceAsUserWithHighestPriveleges.ps1|Examples\Resources\xVirtualMemory\1-SetVirtualMemory.ps1|Modules\ComputerManagementDsc.Common\ComputerManagementDsc.Common.psm1|Modules\ComputerManagementDsc.Common\en-us\ComputerManagementDsc.Common.strings.psd1|Modules\ComputerManagementDsc.ResourceHelper\ComputerManagementDsc.ResourceHelper.psm1</S>
          <S N="GUID">B5004952-489E-43EA-999C-F16A25355B89</S>
          <S N="PowerShellVersion">4.0</S>
          <S N="CLRVersion">4.0</S>
          <S N="CompanyName">Microsoft Corporation</S>
        </MS>
      </Obj>
      <S N="InstalledLocation">/Users/troyault/downloads/xComputerManagement/4.1.0.0</S>
    </MS>
  </Obj>
</Objs>
